{"file_name":"cross-guard","texture_size":[32,32],"textures":{"aae1aeff-71ae-6f58-b8f5-033b36429f16":"modelengine:entity/poison_sword"},"elements":[{"name":"cube","from":[5.6,14.6,7.4],"to":[10.4,15.8,8.6],"rotation":{"angle":0.0,"axis":"x","origin":[8.0,1.0999997,7.7]},"faces":{"down":{"uv":[12.0,3.0,8.0,4.0],"rotation":0,"texture":"#aae1aeff-71ae-6f58-b8f5-033b36429f16","tintindex":0},"east":{"uv":[5.0,10.0,6.0,11.0],"rotation":0,"texture":"#aae1aeff-71ae-6f58-b8f5-033b36429f16","tintindex":0},"north":{"uv":[8.0,0.0,12.0,1.0],"rotation":0,"texture":"#aae1aeff-71ae-6f58-b8f5-033b36429f16","tintindex":0},"south":{"uv":[8.0,1.0,12.0,2.0],"rotation":0,"texture":"#aae1aeff-71ae-6f58-b8f5-033b36429f16","tintindex":0},"up":{"uv":[12.0,3.0,8.0,2.0],"rotation":0,"texture":"#aae1aeff-71ae-6f58-b8f5-033b36429f16","tintindex":0},"west":{"uv":[10.0,5.5,11.0,6.5],"rotation":0,"texture":"#aae1aeff-71ae-6f58-b8f5-033b36429f16","tintindex":0}}},{"name":"cube","from":[5.594,15.194,7.394],"to":[6.8059998,16.406,8.606],"rotation":{"angle":22.5,"axis":"z","origin":[5.6,15.2,7.4]},"faces":{"down":{"uv":[11.5,7.5,10.5,8.5],"rotation":0,"texture":"#aae1aeff-71ae-6f58-b8f5-033b36429f16","tintindex":0},"east":{"uv":[10.0,9.5,11.0,10.5],"rotation":0,"texture":"#aae1aeff-71ae-6f58-b8f5-033b36429f16","tintindex":0},"north":{"uv":[10.0,6.5,11.0,7.5],"rotation":0,"texture":"#aae1aeff-71ae-6f58-b8f5-033b36429f16","tintindex":0},"south":{"uv":[1.5,13.0,2.5,14.0],"rotation":0,"texture":"#aae1aeff-71ae-6f58-b8f5-033b36429f16","tintindex":0},"up":{"uv":[7.0,11.5,6.0,10.5],"rotation":0,"texture":"#aae1aeff-71ae-6f58-b8f5-033b36429f16","tintindex":0},"west":{"uv":[2.5,13.0,3.5,14.0],"rotation":0,"texture":"#aae1aeff-71ae-6f58-b8f5-033b36429f16","tintindex":0}}},{"name":"cube","from":[9.194,15.194,7.394],"to":[10.406,16.406,8.606],"rotation":{"angle":-22.5,"axis":"z","origin":[10.4,15.2,7.4]},"faces":{"down":{"uv":[4.5,13.5,3.5,14.5],"rotation":0,"texture":"#aae1aeff-71ae-6f58-b8f5-033b36429f16","tintindex":0},"east":{"uv":[10.5,8.5,11.5,9.5],"rotation":0,"texture":"#aae1aeff-71ae-6f58-b8f5-033b36429f16","tintindex":0},"north":{"uv":[8.5,10.5,9.5,11.5],"rotation":0,"texture":"#aae1aeff-71ae-6f58-b8f5-033b36429f16","tintindex":0},"south":{"uv":[9.5,10.5,10.5,11.5],"rotation":0,"texture":"#aae1aeff-71ae-6f58-b8f5-033b36429f16","tintindex":0},"up":{"uv":[1.0,14.5,0.0,13.5],"rotation":0,"texture":"#aae1aeff-71ae-6f58-b8f5-033b36429f16","tintindex":0},"west":{"uv":[10.5,10.5,11.5,11.5],"rotation":0,"texture":"#aae1aeff-71ae-6f58-b8f5-033b36429f16","tintindex":0}}},{"name":"cube","from":[5.594,13.994,7.394],"to":[6.8059998,15.206,8.606],"rotation":{"angle":-22.5,"axis":"z","origin":[5.6,15.2,7.4]},"faces":{"down":{"uv":[12.0,9.5,11.0,10.5],"rotation":0,"texture":"#aae1aeff-71ae-6f58-b8f5-033b36429f16","tintindex":0},"east":{"uv":[11.0,4.5,12.0,5.5],"rotation":0,"texture":"#aae1aeff-71ae-6f58-b8f5-033b36429f16","tintindex":0},"north":{"uv":[4.5,13.5,5.5,14.5],"rotation":0,"texture":"#aae1aeff-71ae-6f58-b8f5-033b36429f16","tintindex":0},"south":{"uv":[11.0,5.5,12.0,6.5],"rotation":0,"texture":"#aae1aeff-71ae-6f58-b8f5-033b36429f16","tintindex":0},"up":{"uv":[8.0,12.0,7.0,11.0],"rotation":0,"texture":"#aae1aeff-71ae-6f58-b8f5-033b36429f16","tintindex":0},"west":{"uv":[11.0,6.5,12.0,7.5],"rotation":0,"texture":"#aae1aeff-71ae-6f58-b8f5-033b36429f16","tintindex":0}}},{"name":"cube","from":[9.194,13.994,7.394],"to":[10.406,15.206,8.606],"rotation":{"angle":22.5,"axis":"z","origin":[10.4,15.2,7.4]},"faces":{"down":{"uv":[12.5,8.5,11.5,9.5],"rotation":0,"texture":"#aae1aeff-71ae-6f58-b8f5-033b36429f16","tintindex":0},"east":{"uv":[2.0,14.0,3.0,15.0],"rotation":0,"texture":"#aae1aeff-71ae-6f58-b8f5-033b36429f16","tintindex":0},"north":{"uv":[1.0,14.0,2.0,15.0],"rotation":0,"texture":"#aae1aeff-71ae-6f58-b8f5-033b36429f16","tintindex":0},"south":{"uv":[5.5,14.0,6.5,15.0],"rotation":0,"texture":"#aae1aeff-71ae-6f58-b8f5-033b36429f16","tintindex":0},"up":{"uv":[9.0,12.5,8.0,11.5],"rotation":0,"texture":"#aae1aeff-71ae-6f58-b8f5-033b36429f16","tintindex":0},"west":{"uv":[11.5,7.5,12.5,8.5],"rotation":0,"texture":"#aae1aeff-71ae-6f58-b8f5-033b36429f16","tintindex":0}}}],"display":{"head":{"translation":[0.0,-6.4,0.0],"rotation":[0.0,0.0,0.0],"scale":[3.8095,3.8095,3.8095]},"gui":{"translation":[0.0,0.0,0.0],"rotation":[35.0,225.0,0.0],"scale":[0.625,0.625,0.625]}}}