{"file_name":"grip","texture_size":[32,32],"textures":{"aae1aeff-71ae-6f58-b8f5-033b36429f16":"modelengine:entity/poison_sword"},"elements":[{"name":"cube","from":[7.406,15.806001,7.406],"to":[8.594,21.194,8.594],"rotation":{"angle":0.0,"axis":"x","origin":[8.0,1.0999997,7.7]},"faces":{"down":{"uv":[11.0,4.5,10.0,5.5],"rotation":0,"texture":"#aae1aeff-71ae-6f58-b8f5-033b36429f16","tintindex":0},"east":{"uv":[6.0,4.5,7.0,9.0],"rotation":0,"texture":"#aae1aeff-71ae-6f58-b8f5-033b36429f16","tintindex":0},"north":{"uv":[6.0,0.0,7.0,4.5],"rotation":0,"texture":"#aae1aeff-71ae-6f58-b8f5-033b36429f16","tintindex":0},"south":{"uv":[7.0,0.0,8.0,4.5],"rotation":0,"texture":"#aae1aeff-71ae-6f58-b8f5-033b36429f16","tintindex":0},"up":{"uv":[5.0,13.5,4.0,12.5],"rotation":0,"texture":"#aae1aeff-71ae-6f58-b8f5-033b36429f16","tintindex":0},"west":{"uv":[7.0,4.5,8.0,9.0],"rotation":0,"texture":"#aae1aeff-71ae-6f58-b8f5-033b36429f16","tintindex":0}}}],"display":{"head":{"translation":[0.0,-6.4,0.0],"rotation":[0.0,0.0,0.0],"scale":[3.8095,3.8095,3.8095]},"gui":{"translation":[0.0,0.0,0.0],"rotation":[35.0,225.0,0.0],"scale":[0.625,0.625,0.625]}}}