{"file_name":"cross-guard","texture_size":[32,32],"textures":{"870ed378-3b4f-761b-afbf-370d099c5ccc":"modelengine:entity/fire_sword"},"elements":[{"name":"cube","from":[5.6,14.6,7.4],"to":[10.4,15.8,8.6],"rotation":{"angle":0.0,"axis":"x","origin":[3.1999998,3.1999998,3.1999998]},"faces":{"down":{"uv":[12.0,3.0,8.0,4.0],"rotation":0,"texture":"#870ed378-3b4f-761b-afbf-370d099c5ccc","tintindex":0},"east":{"uv":[5.0,12.0,6.0,13.0],"rotation":0,"texture":"#870ed378-3b4f-761b-afbf-370d099c5ccc","tintindex":0},"north":{"uv":[8.0,0.0,12.0,1.0],"rotation":0,"texture":"#870ed378-3b4f-761b-afbf-370d099c5ccc","tintindex":0},"south":{"uv":[8.0,1.0,12.0,2.0],"rotation":0,"texture":"#870ed378-3b4f-761b-afbf-370d099c5ccc","tintindex":0},"up":{"uv":[12.0,3.0,8.0,2.0],"rotation":0,"texture":"#870ed378-3b4f-761b-afbf-370d099c5ccc","tintindex":0},"west":{"uv":[10.0,5.5,11.0,6.5],"rotation":0,"texture":"#870ed378-3b4f-761b-afbf-370d099c5ccc","tintindex":0}}},{"name":"cube","from":[6.7939997,13.994,7.394],"to":[8.0060005,15.206,8.606],"rotation":{"angle":-45.0,"axis":"z","origin":[7.4,14.6,7.4]},"faces":{"down":{"uv":[12.0,9.5,11.0,10.5],"rotation":0,"texture":"#870ed378-3b4f-761b-afbf-370d099c5ccc","tintindex":0},"east":{"uv":[11.0,4.5,12.0,5.5],"rotation":0,"texture":"#870ed378-3b4f-761b-afbf-370d099c5ccc","tintindex":0},"north":{"uv":[4.5,13.0,5.5,14.0],"rotation":0,"texture":"#870ed378-3b4f-761b-afbf-370d099c5ccc","tintindex":0},"south":{"uv":[11.0,5.5,12.0,6.5],"rotation":0,"texture":"#870ed378-3b4f-761b-afbf-370d099c5ccc","tintindex":0},"up":{"uv":[8.0,12.0,7.0,11.0],"rotation":0,"texture":"#870ed378-3b4f-761b-afbf-370d099c5ccc","tintindex":0},"west":{"uv":[11.0,6.5,12.0,7.5],"rotation":0,"texture":"#870ed378-3b4f-761b-afbf-370d099c5ccc","tintindex":0}}},{"name":"cube","from":[7.994,13.994,7.394],"to":[9.206,15.206,8.606],"rotation":{"angle":45.0,"axis":"z","origin":[8.6,14.6,7.4]},"faces":{"down":{"uv":[12.5,8.5,11.5,9.5],"rotation":0,"texture":"#870ed378-3b4f-761b-afbf-370d099c5ccc","tintindex":0},"east":{"uv":[2.0,13.5,3.0,14.5],"rotation":0,"texture":"#870ed378-3b4f-761b-afbf-370d099c5ccc","tintindex":0},"north":{"uv":[1.0,13.5,2.0,14.5],"rotation":0,"texture":"#870ed378-3b4f-761b-afbf-370d099c5ccc","tintindex":0},"south":{"uv":[5.5,13.5,6.5,14.5],"rotation":0,"texture":"#870ed378-3b4f-761b-afbf-370d099c5ccc","tintindex":0},"up":{"uv":[9.0,12.5,8.0,11.5],"rotation":0,"texture":"#870ed378-3b4f-761b-afbf-370d099c5ccc","tintindex":0},"west":{"uv":[11.5,7.5,12.5,8.5],"rotation":0,"texture":"#870ed378-3b4f-761b-afbf-370d099c5ccc","tintindex":0}}}],"display":{"head":{"translation":[0.0,-6.4,0.0],"rotation":[0.0,0.0,0.0],"scale":[3.8095,3.8095,3.8095]},"gui":{"translation":[0.0,0.0,0.0],"rotation":[35.0,225.0,0.0],"scale":[0.625,0.625,0.625]}}}