{"file_name":"grip","texture_size":[32,32],"textures":{"870ed378-3b4f-761b-afbf-370d099c5ccc":"modelengine:entity/fire_sword"},"elements":[{"name":"cube","from":[7.406,15.806001,7.406],"to":[8.594,21.194,8.594],"rotation":{"angle":0.0,"axis":"x","origin":[3.1999998,3.1999998,3.1999998]},"faces":{"down":{"uv":[11.0,4.5,10.0,5.5],"rotation":0,"texture":"#870ed378-3b4f-761b-afbf-370d099c5ccc","tintindex":0},"east":{"uv":[6.0,4.5,7.0,9.0],"rotation":0,"texture":"#870ed378-3b4f-761b-afbf-370d099c5ccc","tintindex":0},"north":{"uv":[6.0,0.0,7.0,4.5],"rotation":0,"texture":"#870ed378-3b4f-761b-afbf-370d099c5ccc","tintindex":0},"south":{"uv":[7.0,0.0,8.0,4.5],"rotation":0,"texture":"#870ed378-3b4f-761b-afbf-370d099c5ccc","tintindex":0},"up":{"uv":[5.0,13.0,4.0,12.0],"rotation":0,"texture":"#870ed378-3b4f-761b-afbf-370d099c5ccc","tintindex":0},"west":{"uv":[7.0,4.5,8.0,9.0],"rotation":0,"texture":"#870ed378-3b4f-761b-afbf-370d099c5ccc","tintindex":0}}}],"display":{"head":{"translation":[0.0,-6.4,0.0],"rotation":[0.0,0.0,0.0],"scale":[3.8095,3.8095,3.8095]},"gui":{"translation":[0.0,0.0,0.0],"rotation":[35.0,225.0,0.0],"scale":[0.625,0.625,0.625]}}}