{"file_name":"blade","texture_size":[32,32],"textures":{"b06bd92c-7d6f-a093-afb5-ab0b7e5a7d90":"modelengine:entity/king_sword"},"elements":[{"name":"cube","from":[6.5,1.9999998,7.7],"to":[9.5,14.0,8.3],"rotation":{"angle":0.0,"axis":"x","origin":[3.1999998,4.3999996,3.1999998]},"faces":{"down":{"uv":[13.0,6.0,10.5,6.5],"rotation":0,"texture":"#b06bd92c-7d6f-a093-afb5-ab0b7e5a7d90","tintindex":0},"east":{"uv":[3.0,0.0,3.5,10.0],"rotation":0,"texture":"#b06bd92c-7d6f-a093-afb5-ab0b7e5a7d90","tintindex":0},"north":{"uv":[3.5,0.0,6.0,10.0],"rotation":0,"texture":"#b06bd92c-7d6f-a093-afb5-ab0b7e5a7d90","tintindex":0},"south":{"uv":[0.5,0.0,3.0,10.0],"rotation":0,"texture":"#b06bd92c-7d6f-a093-afb5-ab0b7e5a7d90","tintindex":0},"up":{"uv":[8.5,11.0,6.0,10.5],"rotation":0,"texture":"#b06bd92c-7d6f-a093-afb5-ab0b7e5a7d90","tintindex":0},"west":{"uv":[0.0,0.0,0.5,10.0],"rotation":0,"texture":"#b06bd92c-7d6f-a093-afb5-ab0b7e5a7d90","tintindex":0}}},{"name":"cube","from":[8.0060005,0.5059998,7.7060003],"to":[10.115,2.6149995,8.294],"rotation":{"angle":45.0,"axis":"z","origin":[8.0,0.49999976,7.7]},"faces":{"down":{"uv":[4.0,11.5,2.0,12.0],"rotation":0,"texture":"#b06bd92c-7d6f-a093-afb5-ab0b7e5a7d90","tintindex":0},"east":{"uv":[8.5,10.5,9.0,12.5],"rotation":0,"texture":"#b06bd92c-7d6f-a093-afb5-ab0b7e5a7d90","tintindex":0},"north":{"uv":[4.0,10.0,6.0,12.0],"rotation":0,"texture":"#b06bd92c-7d6f-a093-afb5-ab0b7e5a7d90","tintindex":0},"south":{"uv":[0.5,10.0,2.5,12.0],"rotation":0,"texture":"#b06bd92c-7d6f-a093-afb5-ab0b7e5a7d90","tintindex":0},"up":{"uv":[12.5,7.0,10.5,6.5],"rotation":0,"texture":"#b06bd92c-7d6f-a093-afb5-ab0b7e5a7d90","tintindex":0},"west":{"uv":[0.0,10.0,0.5,12.0],"rotation":0,"texture":"#b06bd92c-7d6f-a093-afb5-ab0b7e5a7d90","tintindex":0}}},{"name":"cube","from":[8.0060005,0.5059998,7.7060003],"to":[10.115,2.6149995,8.294],"rotation":{"angle":45.0,"axis":"z","origin":[8.0,0.49999976,7.7]},"faces":{"down":{"uv":[4.0,11.5,2.0,12.0],"rotation":0,"texture":"#b06bd92c-7d6f-a093-afb5-ab0b7e5a7d90","tintindex":0},"east":{"uv":[8.5,10.5,9.0,12.5],"rotation":0,"texture":"#b06bd92c-7d6f-a093-afb5-ab0b7e5a7d90","tintindex":0},"north":{"uv":[4.0,10.0,6.0,12.0],"rotation":0,"texture":"#b06bd92c-7d6f-a093-afb5-ab0b7e5a7d90","tintindex":0},"south":{"uv":[0.5,10.0,2.5,12.0],"rotation":0,"texture":"#b06bd92c-7d6f-a093-afb5-ab0b7e5a7d90","tintindex":0},"up":{"uv":[12.5,7.0,10.5,6.5],"rotation":0,"texture":"#b06bd92c-7d6f-a093-afb5-ab0b7e5a7d90","tintindex":0},"west":{"uv":[9.0,10.5,9.5,12.5],"rotation":0,"texture":"#b06bd92c-7d6f-a093-afb5-ab0b7e5a7d90","tintindex":0}}}],"display":{"head":{"translation":[0.0,-6.4,0.0],"rotation":[0.0,0.0,0.0],"scale":[3.8095,3.8095,3.8095]},"gui":{"translation":[0.0,0.0,0.0],"rotation":[35.0,225.0,0.0],"scale":[0.625,0.625,0.625]}}}