{"file_name":"pommel","texture_size":[32,32],"textures":{"b06bd92c-7d6f-a093-afb5-ab0b7e5a7d90":"modelengine:entity/king_sword"},"elements":[{"name":"cube","from":[7.1,20.600002,7.4],"to":[8.9,22.400002,8.6],"rotation":{"angle":0.0,"axis":"x","origin":[3.1999998,3.1999998,3.1999998]},"faces":{"down":{"uv":[4.0,12.0,2.5,13.0],"rotation":0,"texture":"#b06bd92c-7d6f-a093-afb5-ab0b7e5a7d90","tintindex":0},"east":{"uv":[9.0,9.0,10.0,10.5],"rotation":0,"texture":"#b06bd92c-7d6f-a093-afb5-ab0b7e5a7d90","tintindex":0},"north":{"uv":[9.0,5.0,10.5,6.5],"rotation":0,"texture":"#b06bd92c-7d6f-a093-afb5-ab0b7e5a7d90","tintindex":0},"south":{"uv":[6.0,9.0,7.5,10.5],"rotation":0,"texture":"#b06bd92c-7d6f-a093-afb5-ab0b7e5a7d90","tintindex":0},"up":{"uv":[2.5,13.0,1.0,12.0],"rotation":0,"texture":"#b06bd92c-7d6f-a093-afb5-ab0b7e5a7d90","tintindex":0},"west":{"uv":[0.0,12.0,1.0,13.5],"rotation":0,"texture":"#b06bd92c-7d6f-a093-afb5-ab0b7e5a7d90","tintindex":0}}}],"display":{"head":{"translation":[0.0,-6.4,0.0],"rotation":[0.0,0.0,0.0],"scale":[3.8095,3.8095,3.8095]},"gui":{"translation":[0.0,0.0,0.0],"rotation":[35.0,225.0,0.0],"scale":[0.625,0.625,0.625]}}}