{"file_name":"rain-guard","texture_size":[32,32],"textures":{"b06bd92c-7d6f-a093-afb5-ab0b7e5a7d90":"modelengine:entity/king_sword"},"elements":[{"name":"cube","from":[7.4,12.2,7.4],"to":[8.6,14.0,8.6],"rotation":{"angle":0.0,"axis":"x","origin":[3.1999998,3.1999998,3.1999998]},"faces":{"down":{"uv":[4.0,14.0,3.0,15.0],"rotation":0,"texture":"#b06bd92c-7d6f-a093-afb5-ab0b7e5a7d90","tintindex":0},"east":{"uv":[5.0,12.0,6.0,13.5],"rotation":0,"texture":"#b06bd92c-7d6f-a093-afb5-ab0b7e5a7d90","tintindex":0},"north":{"uv":[4.0,12.0,5.0,13.5],"rotation":0,"texture":"#b06bd92c-7d6f-a093-afb5-ab0b7e5a7d90","tintindex":0},"south":{"uv":[10.0,8.0,11.0,9.5],"rotation":0,"texture":"#b06bd92c-7d6f-a093-afb5-ab0b7e5a7d90","tintindex":0},"up":{"uv":[3.0,15.0,2.0,14.0],"rotation":0,"texture":"#b06bd92c-7d6f-a093-afb5-ab0b7e5a7d90","tintindex":0},"west":{"uv":[10.0,9.5,11.0,11.0],"rotation":0,"texture":"#b06bd92c-7d6f-a093-afb5-ab0b7e5a7d90","tintindex":0}}},{"name":"cube","from":[6.2,14.0,7.4],"to":[9.8,14.6,8.6],"rotation":{"angle":0.0,"axis":"x","origin":[3.1999998,3.1999998,3.1999998]},"faces":{"down":{"uv":[12.0,4.0,9.0,5.0],"rotation":0,"texture":"#b06bd92c-7d6f-a093-afb5-ab0b7e5a7d90","tintindex":0},"east":{"uv":[9.5,12.0,10.5,12.5],"rotation":0,"texture":"#b06bd92c-7d6f-a093-afb5-ab0b7e5a7d90","tintindex":0},"north":{"uv":[10.5,5.0,13.5,5.5],"rotation":0,"texture":"#b06bd92c-7d6f-a093-afb5-ab0b7e5a7d90","tintindex":0},"south":{"uv":[10.5,5.5,13.5,6.0],"rotation":0,"texture":"#b06bd92c-7d6f-a093-afb5-ab0b7e5a7d90","tintindex":0},"up":{"uv":[12.0,4.0,9.0,3.0],"rotation":0,"texture":"#b06bd92c-7d6f-a093-afb5-ab0b7e5a7d90","tintindex":0},"west":{"uv":[12.0,9.5,13.0,10.0],"rotation":0,"texture":"#b06bd92c-7d6f-a093-afb5-ab0b7e5a7d90","tintindex":0}}},{"name":"cube","from":[9.2,12.8,7.4],"to":[9.8,14.0,8.6],"rotation":{"angle":0.0,"axis":"x","origin":[3.1999998,3.1999998,3.1999998]},"faces":{"down":{"uv":[11.5,12.0,11.0,13.0],"rotation":0,"texture":"#b06bd92c-7d6f-a093-afb5-ab0b7e5a7d90","tintindex":0},"east":{"uv":[12.0,3.0,13.0,4.0],"rotation":0,"texture":"#b06bd92c-7d6f-a093-afb5-ab0b7e5a7d90","tintindex":0},"north":{"uv":[8.0,11.0,8.5,12.0],"rotation":0,"texture":"#b06bd92c-7d6f-a093-afb5-ab0b7e5a7d90","tintindex":0},"south":{"uv":[8.0,12.0,8.5,13.0],"rotation":0,"texture":"#b06bd92c-7d6f-a093-afb5-ab0b7e5a7d90","tintindex":0},"up":{"uv":[11.0,13.0,10.5,12.0],"rotation":0,"texture":"#b06bd92c-7d6f-a093-afb5-ab0b7e5a7d90","tintindex":0},"west":{"uv":[12.0,4.0,13.0,5.0],"rotation":0,"texture":"#b06bd92c-7d6f-a093-afb5-ab0b7e5a7d90","tintindex":0}}},{"name":"cube","from":[6.2,12.8,7.4],"to":[6.8,14.0,8.6],"rotation":{"angle":0.0,"axis":"x","origin":[12.8,3.1999998,3.1999998]},"faces":{"down":{"uv":[5.0,14.5,4.5,15.5],"rotation":0,"texture":"#b06bd92c-7d6f-a093-afb5-ab0b7e5a7d90","tintindex":0},"east":{"uv":[6.0,12.0,7.0,13.0],"rotation":0,"texture":"#b06bd92c-7d6f-a093-afb5-ab0b7e5a7d90","tintindex":0},"north":{"uv":[0.0,14.5,0.5,15.5],"rotation":0,"texture":"#b06bd92c-7d6f-a093-afb5-ab0b7e5a7d90","tintindex":0},"south":{"uv":[0.5,14.5,1.0,15.5],"rotation":0,"texture":"#b06bd92c-7d6f-a093-afb5-ab0b7e5a7d90","tintindex":0},"up":{"uv":[4.5,15.5,4.0,14.5],"rotation":0,"texture":"#b06bd92c-7d6f-a093-afb5-ab0b7e5a7d90","tintindex":0},"west":{"uv":[7.0,12.0,8.0,13.0],"rotation":0,"texture":"#b06bd92c-7d6f-a093-afb5-ab0b7e5a7d90","tintindex":0}}}],"display":{"head":{"translation":[0.0,-6.4,0.0],"rotation":[0.0,0.0,0.0],"scale":[3.8095,3.8095,3.8095]},"gui":{"translation":[0.0,0.0,0.0],"rotation":[35.0,225.0,0.0],"scale":[0.625,0.625,0.625]}}}