{"file_name":"blade","texture_size":[32,32],"textures":{"4ee3bb99-37f2-2833-e931-fbea0fbc72fe":"modelengine:entity/adventurer_sword"},"elements":[{"name":"cube","from":[6.5,2.6,7.7],"to":[9.5,14.6,8.3],"rotation":{"angle":0.0,"axis":"x","origin":[3.1999998,5.0,3.1999998]},"faces":{"down":{"uv":[12.5,0.5,10.0,1.0],"rotation":0,"texture":"#4ee3bb99-37f2-2833-e931-fbea0fbc72fe","tintindex":0},"east":{"uv":[2.5,0.0,3.0,10.0],"rotation":0,"texture":"#4ee3bb99-37f2-2833-e931-fbea0fbc72fe","tintindex":0},"north":{"uv":[3.0,0.0,5.5,10.0],"rotation":0,"texture":"#4ee3bb99-37f2-2833-e931-fbea0fbc72fe","tintindex":0},"south":{"uv":[0.0,0.0,2.5,10.0],"rotation":0,"texture":"#4ee3bb99-37f2-2833-e931-fbea0fbc72fe","tintindex":0},"up":{"uv":[12.5,0.5,10.0,0.0],"rotation":0,"texture":"#4ee3bb99-37f2-2833-e931-fbea0fbc72fe","tintindex":0},"west":{"uv":[5.5,0.0,6.0,10.0],"rotation":0,"texture":"#4ee3bb99-37f2-2833-e931-fbea0fbc72fe","tintindex":0}}},{"name":"cube","from":[6.939522,1.5388995,7.6994],"to":[9.061722,3.6610997,8.3006],"rotation":{"angle":-45.0,"axis":"z","origin":[8.000622,2.6,8.0]},"faces":{"down":{"uv":[5.5,10.0,6.0,12.0],"rotation":270,"texture":"#4ee3bb99-37f2-2833-e931-fbea0fbc72fe","tintindex":0},"east":{"uv":[2.0,11.5,0.0,12.0],"rotation":270,"texture":"#4ee3bb99-37f2-2833-e931-fbea0fbc72fe","tintindex":0},"north":{"uv":[3.0,10.0,5.0,12.0],"rotation":90,"texture":"#4ee3bb99-37f2-2833-e931-fbea0fbc72fe","tintindex":0},"south":{"uv":[0.0,10.0,2.0,12.0],"rotation":270,"texture":"#4ee3bb99-37f2-2833-e931-fbea0fbc72fe","tintindex":0},"up":{"uv":[3.5,10.0,4.0,12.0],"rotation":270,"texture":"#4ee3bb99-37f2-2833-e931-fbea0fbc72fe","tintindex":0},"west":{"uv":[12.0,3.5,10.0,3.0],"rotation":270,"texture":"#4ee3bb99-37f2-2833-e931-fbea0fbc72fe","tintindex":0}}}],"display":{"head":{"translation":[0.0,-6.4,0.0],"rotation":[0.0,0.0,0.0],"scale":[3.8095,3.8095,3.8095]},"gui":{"translation":[0.0,0.0,0.0],"rotation":[35.0,225.0,0.0],"scale":[0.625,0.625,0.625]}}}