{"file_name":"cross-guard","texture_size":[32,32],"textures":{"4ee3bb99-37f2-2833-e931-fbea0fbc72fe":"modelengine:entity/adventurer_sword"},"elements":[{"name":"cube","from":[5.8999996,14.6,7.4],"to":[10.1,15.8,8.6],"rotation":{"angle":0.0,"axis":"x","origin":[3.4999998,3.1999998,3.1999998]},"faces":{"down":{"uv":[11.5,7.0,8.0,8.0],"rotation":0,"texture":"#4ee3bb99-37f2-2833-e931-fbea0fbc72fe","tintindex":0},"east":{"uv":[10.0,2.0,11.0,3.0],"rotation":0,"texture":"#4ee3bb99-37f2-2833-e931-fbea0fbc72fe","tintindex":0},"north":{"uv":[8.0,4.0,11.5,5.0],"rotation":0,"texture":"#4ee3bb99-37f2-2833-e931-fbea0fbc72fe","tintindex":0},"south":{"uv":[8.0,5.0,11.5,6.0],"rotation":0,"texture":"#4ee3bb99-37f2-2833-e931-fbea0fbc72fe","tintindex":0},"up":{"uv":[11.5,7.0,8.0,6.0],"rotation":0,"texture":"#4ee3bb99-37f2-2833-e931-fbea0fbc72fe","tintindex":0},"west":{"uv":[2.5,12.0,3.5,13.0],"rotation":0,"texture":"#4ee3bb99-37f2-2833-e931-fbea0fbc72fe","tintindex":0}}}],"display":{"head":{"translation":[0.0,-6.4,0.0],"rotation":[0.0,0.0,0.0],"scale":[3.8095,3.8095,3.8095]},"gui":{"translation":[0.0,0.0,0.0],"rotation":[35.0,225.0,0.0],"scale":[0.625,0.625,0.625]}}}