{"file_name":"pommel","texture_size":[32,32],"textures":{"4ee3bb99-37f2-2833-e931-fbea0fbc72fe":"modelengine:entity/adventurer_sword"},"elements":[{"name":"cube","from":[7.1,20.600002,7.4],"to":[8.9,22.400002,8.6],"rotation":{"angle":45.0,"axis":"z","origin":[8.0,21.5,8.0]},"faces":{"down":{"uv":[1.5,12.0,0.0,13.0],"rotation":0,"texture":"#4ee3bb99-37f2-2833-e931-fbea0fbc72fe","tintindex":0},"east":{"uv":[7.5,9.5,8.5,11.0],"rotation":0,"texture":"#4ee3bb99-37f2-2833-e931-fbea0fbc72fe","tintindex":0},"north":{"uv":[8.0,8.0,9.5,9.5],"rotation":0,"texture":"#4ee3bb99-37f2-2833-e931-fbea0fbc72fe","tintindex":0},"south":{"uv":[6.0,9.0,7.5,10.5],"rotation":0,"texture":"#4ee3bb99-37f2-2833-e931-fbea0fbc72fe","tintindex":0},"up":{"uv":[10.0,10.5,8.5,9.5],"rotation":0,"texture":"#4ee3bb99-37f2-2833-e931-fbea0fbc72fe","tintindex":0},"west":{"uv":[9.5,8.0,10.5,9.5],"rotation":0,"texture":"#4ee3bb99-37f2-2833-e931-fbea0fbc72fe","tintindex":0}}}],"display":{"head":{"translation":[0.0,-6.4,0.0],"rotation":[0.0,0.0,0.0],"scale":[3.8095,3.8095,3.8095]},"gui":{"translation":[0.0,0.0,0.0],"rotation":[35.0,225.0,0.0],"scale":[0.625,0.625,0.625]}}}