{"data":55,"parent":"item/generated","textures":{"layer0":"item/leather_horse_armor"},"overrides":[{"predicate":{"custom_model_data":1},"model":"modelengine:adventurer sword/pommel"},{"predicate":{"custom_model_data":2},"model":"modelengine:adventurer sword/grip"},{"predicate":{"custom_model_data":3},"model":"modelengine:adventurer sword/cross-guard"},{"predicate":{"custom_model_data":4},"model":"modelengine:adventurer sword/blade"},{"predicate":{"custom_model_data":5},"model":"modelengine:butcher sword/pommel"},{"predicate":{"custom_model_data":6},"model":"modelengine:butcher sword/grip"},{"predicate":{"custom_model_data":7},"model":"modelengine:butcher sword/cross-guard"},{"predicate":{"custom_model_data":8},"model":"modelengine:butcher sword/blade"},{"predicate":{"custom_model_data":9},"model":"modelengine:crimson sword/pommel"},{"predicate":{"custom_model_data":10},"model":"modelengine:crimson sword/grip"},{"predicate":{"custom_model_data":11},"model":"modelengine:crimson sword/cross-guard"},{"predicate":{"custom_model_data":12},"model":"modelengine:crimson sword/blade"},{"predicate":{"custom_model_data":13},"model":"modelengine:crystal sword/pommel"},{"predicate":{"custom_model_data":14},"model":"modelengine:crystal sword/grip"},{"predicate":{"custom_model_data":15},"model":"modelengine:crystal sword/cross-guard"},{"predicate":{"custom_model_data":16},"model":"modelengine:crystal sword/blade"},{"predicate":{"custom_model_data":17},"model":"modelengine:dragon sword/pommel"},{"predicate":{"custom_model_data":18},"model":"modelengine:dragon sword/grip"},{"predicate":{"custom_model_data":19},"model":"modelengine:dragon sword/cross-guard"},{"predicate":{"custom_model_data":20},"model":"modelengine:dragon sword/blade"},{"predicate":{"custom_model_data":21},"model":"modelengine:fire sword/pommel"},{"predicate":{"custom_model_data":22},"model":"modelengine:fire sword/grip"},{"predicate":{"custom_model_data":23},"model":"modelengine:fire sword/cross-guard"},{"predicate":{"custom_model_data":24},"model":"modelengine:fire sword/blade"},{"predicate":{"custom_model_data":25},"model":"modelengine:king sword/pommel"},{"predicate":{"custom_model_data":26},"model":"modelengine:king sword/grip"},{"predicate":{"custom_model_data":27},"model":"modelengine:king sword/cross-guard"},{"predicate":{"custom_model_data":28},"model":"modelengine:king sword/rain-guard"},{"predicate":{"custom_model_data":29},"model":"modelengine:king sword/blade"},{"predicate":{"custom_model_data":30},"model":"modelengine:moonstone sword/pommel"},{"predicate":{"custom_model_data":31},"model":"modelengine:moonstone sword/grip"},{"predicate":{"custom_model_data":32},"model":"modelengine:moonstone sword/cross-guard"},{"predicate":{"custom_model_data":33},"model":"modelengine:moonstone sword/blade"},{"predicate":{"custom_model_data":34},"model":"modelengine:poison sword/pommel"},{"predicate":{"custom_model_data":35},"model":"modelengine:poison sword/grip"},{"predicate":{"custom_model_data":36},"model":"modelengine:poison sword/cross-guard"},{"predicate":{"custom_model_data":37},"model":"modelengine:poison sword/rain-guard"},{"predicate":{"custom_model_data":38},"model":"modelengine:poison sword/blade"},{"predicate":{"custom_model_data":39},"model":"modelengine:reaver sword/pommel"},{"predicate":{"custom_model_data":40},"model":"modelengine:reaver sword/grip"},{"predicate":{"custom_model_data":41},"model":"modelengine:reaver sword/cross-guard"},{"predicate":{"custom_model_data":42},"model":"modelengine:reaver sword/blade"},{"predicate":{"custom_model_data":43},"model":"modelengine:spike sword/pommel"},{"predicate":{"custom_model_data":44},"model":"modelengine:spike sword/grip"},{"predicate":{"custom_model_data":45},"model":"modelengine:spike sword/left-cg-2"},{"predicate":{"custom_model_data":46},"model":"modelengine:spike sword/left-cg-1"},{"predicate":{"custom_model_data":47},"model":"modelengine:spike sword/right-cg-2"},{"predicate":{"custom_model_data":48},"model":"modelengine:spike sword/right-cg-1"},{"predicate":{"custom_model_data":49},"model":"modelengine:spike sword/cross-guard"},{"predicate":{"custom_model_data":50},"model":"modelengine:spike sword/rain-guard"},{"predicate":{"custom_model_data":51},"model":"modelengine:spike sword/spike_head"},{"predicate":{"custom_model_data":52},"model":"modelengine:spike sword/spike_1"},{"predicate":{"custom_model_data":53},"model":"modelengine:spike sword/spike_2"},{"predicate":{"custom_model_data":54},"model":"modelengine:spike sword/spike_3"},{"predicate":{"custom_model_data":55},"model":"modelengine:spike sword/blade"}]}