{
  "parent": "minecraft:item/generated",
  "textures": {
    "layer0": "minecraft:item/salmon"
  },
	"overrides": [
		{"predicate": {"custom_model_data": 1}, "model": "item/eel"},
		{"predicate": {"custom_model_data": 2}, "model": "item/manta_ray"},
		{"predicate": {"custom_model_data": 3}, "model": "item/white_fish"},
		{"predicate": {"custom_model_data": 4}, "model": "item/mackeral"},
		{"predicate": {"custom_model_data": 5}, "model": "item/city_fish"},
		{"predicate": {"custom_model_data": 6}, "model": "item/nemo_fish"},
		{"predicate": {"custom_model_data": 7}, "model": "item/dory_fish"},
		{"predicate": {"custom_model_data": 8}, "model": "item/marlin_fish"},
		{"predicate": {"custom_model_data": 9}, "model": "item/damsel_fish"},
		{"predicate": {"custom_model_data": 10}, "model": "item/frost_minnow"},
		{"predicate": {"custom_model_data": 11}, "model": "item/hemo_piranha"},
		{"predicate": {"custom_model_data": 12}, "model": "item/neon_tetra"},
		{"predicate": {"custom_model_data": 13}, "model": "item/red_snapper"},
		{"predicate": {"custom_model_data": 14}, "model": "item/octopus"},
		{"predicate": {"custom_model_data": 15}, "model": "item/tiger_trout"},
		{"predicate": {"custom_model_data": 16}, "model": "item/midnight_squid"},
		{"predicate": {"custom_model_data": 17}, "model": "item/prismite"},
		{"predicate": {"custom_model_data": 18}, "model": "item/blue_jellyfish"},
		{"predicate": {"custom_model_data": 19}, "model": "item/red_jellyfish"},
		{"predicate": {"custom_model_data": 20}, "model": "item/pink_jellyfish"},
		{"predicate": {"custom_model_data": 21}, "model": "item/honeyfin"}
	]
}