{
	"parent": "minecraft:item/handheld",
	"textures": {
		"layer0": "minecraft:item/stick"
	},
	"overrides": [{
			"predicate": {
				"custom_model_data": 1
			},
			"model": "item/captain_wheel"
		},
		{
			"predicate": {
				"custom_model_data": 2
			},
			"model": "item/table_oak_1x3"
		},
		{
			"predicate": {
				"custom_model_data": 3
			},
			"model": "item/oakslate_metalbench"
		},
		{
			"predicate": {
				"custom_model_data": 4
			},
			"model": "item/oakchair_single"
		},
		{
			"predicate": {
				"custom_model_data": 5
			},
			"model": "item/waterwheel"
		},
		{
			"predicate": {
				"custom_model_data": 6
			},
			"model": "item/oaklogtable"
		},
		{
			"predicate": {
				"custom_model_data": 7
			},
			"model": "item/waterwheelani"
		},
		{
			"predicate": {
				"custom_model_data": 8
			},
			"model": "item/cart_oak"
		},
		{
			"predicate": {
				"custom_model_data": 9
			},
			"model": "item/rollingcart"
		},
		{
			"predicate": {
				"custom_model_data": 10
			},
			"model": "item/acacia_chair"
		},
		{
			"predicate": {
				"custom_model_data": 11
			},
			"model": "item/birch_chair"
		},
		{
			"predicate": {
				"custom_model_data": 12
			},
			"model": "item/crimson_chair"
		},
		{
			"predicate": {
				"custom_model_data": 13
			},
			"model": "item/oak_chair"
		},
		{
			"predicate": {
				"custom_model_data": 14
			},
			"model": "item/dark_chair"
		},
		{
			"predicate": {
				"custom_model_data": 15
			},
			"model": "item/jungle_chair"
		},
		{
			"predicate": {
				"custom_model_data": 16
			},
			"model": "item/spruce_chair"
		},
		{
			"predicate": {
				"custom_model_data": 17
			},
			"model": "item/warped_chair"
		},
		{
			"predicate": {
				"custom_model_data": 18
			},
			"model": "item/acacia_diningtable"
		},
		{
			"predicate": {
				"custom_model_data": 19
			},
			"model": "item/birch_diningtable"
		},
		{
			"predicate": {
				"custom_model_data": 20
			},
			"model": "item/crimson_diningtable"
		},
		{
			"predicate": {
				"custom_model_data": 21
			},
			"model": "item/oak_diningtable"
		},
		{
			"predicate": {
				"custom_model_data": 22
			},
			"model": "item/dark_diningtable"
		},
		{
			"predicate": {
				"custom_model_data": 23
			},
			"model": "item/jungle_diningtable"
		},
		{
			"predicate": {
				"custom_model_data": 24
			},
			"model": "item/spruce_diningtable"
		},
		{
			"predicate": {
				"custom_model_data": 25
			},
			"model": "item/warped_diningtable"
		},
		{
			"predicate": {
				"custom_model_data": 26
			},
			"model": "item/acacia_longtable"
		},
		{
			"predicate": {
				"custom_model_data": 27
			},
			"model": "item/birch_longtable"
		},
		{
			"predicate": {
				"custom_model_data": 28
			},
			"model": "item/crimson_longtable"
		},
		{
			"predicate": {
				"custom_model_data": 29
			},
			"model": "item/oak_longtable"
		},
		{
			"predicate": {
				"custom_model_data": 30
			},
			"model": "item/dark_longtable"
		},
		{
			"predicate": {
				"custom_model_data": 31
			},
			"model": "item/jungle_longtable"
		},
		{
			"predicate": {
				"custom_model_data": 32
			},
			"model": "item/spruce_longtable"
		},
		{
			"predicate": {
				"custom_model_data": 33
			},
			"model": "item/warped_longtable"
		},
		{
			"predicate": {
				"custom_model_data": 34
			},
			"model": "item/acacia_sidetable"
		},
		{
			"predicate": {
				"custom_model_data": 35
			},
			"model": "item/birch_sidetable"
		},
		{
			"predicate": {
				"custom_model_data": 36
			},
			"model": "item/crimson_sidetable"
		},
		{
			"predicate": {
				"custom_model_data": 37
			},
			"model": "item/oak_sidetable"
		},
		{
			"predicate": {
				"custom_model_data": 38
			},
			"model": "item/dark_sidetable"
		},
		{
			"predicate": {
				"custom_model_data": 39
			},
			"model": "item/jungle_sidetable"
		},
		{
			"predicate": {
				"custom_model_data": 40
			},
			"model": "item/spruce_sidetable"
		},
		{
			"predicate": {
				"custom_model_data": 41
			},
			"model": "item/warped_sidetable"
		}
	]
}