{
	"parent": "minecraft:item/handheld",
	"textures": {
		"layer0": "minecraft:item/white_dye"
	},
	"overrides": [
	{"predicate": {"custom_model_data":1}, "model":"item/acaciaboard"},
	{"predicate": {"custom_model_data":2}, "model":"item/birchboard"},
	{"predicate": {"custom_model_data":3}, "model":"item/crimsonboard"},
	{"predicate": {"custom_model_data":4}, "model":"item/darkboard"},
	{"predicate": {"custom_model_data":5}, "model":"item/oakboard"},
	{"predicate": {"custom_model_data":6}, "model":"item/jungleboard"},
	{"predicate": {"custom_model_data":7}, "model":"item/spruceboard"},
	{"predicate": {"custom_model_data":8}, "model":"item/warpedboard"},
	{"predicate": {"custom_model_data":9}, "model":"item/acaciasheet"},
	{"predicate": {"custom_model_data":10}, "model":"item/birchsheet"},
	{"predicate": {"custom_model_data":11}, "model":"item/crimsonsheet"},
	{"predicate": {"custom_model_data":12}, "model":"item/darksheet"},
	{"predicate": {"custom_model_data":13}, "model":"item/oaksheet"},
	{"predicate": {"custom_model_data":14}, "model":"item/junglesheet"},
	{"predicate": {"custom_model_data":15}, "model":"item/sprucesheet"},
	{"predicate": {"custom_model_data":16}, "model":"item/warpedsheet"}
	]
}