{"file_name":"cross-guard","texture_size":[32,32],"textures":{"3c8a328b-a6cc-c747-f933-f19c2516e333":"modelengine:entity/crystal_sword"},"elements":[{"name":"cube","from":[9.08,14.591515,7.4],"to":[10.280001,15.791514,8.6],"rotation":{"angle":-22.5,"axis":"z","origin":[9.08,15.791514,7.394]},"faces":{"down":{"uv":[1.0,11.5,0.0,12.5],"rotation":0,"texture":"#3c8a328b-a6cc-c747-f933-f19c2516e333","tintindex":0},"east":{"uv":[9.0,6.0,10.0,7.0],"rotation":0,"texture":"#3c8a328b-a6cc-c747-f933-f19c2516e333","tintindex":0},"north":{"uv":[6.0,9.0,7.0,10.0],"rotation":0,"texture":"#3c8a328b-a6cc-c747-f933-f19c2516e333","tintindex":0},"south":{"uv":[7.0,9.0,8.0,10.0],"rotation":0,"texture":"#3c8a328b-a6cc-c747-f933-f19c2516e333","tintindex":0},"up":{"uv":[10.0,10.0,9.0,9.0],"rotation":0,"texture":"#3c8a328b-a6cc-c747-f933-f19c2516e333","tintindex":0},"west":{"uv":[8.0,9.0,9.0,10.0],"rotation":0,"texture":"#3c8a328b-a6cc-c747-f933-f19c2516e333","tintindex":0}}},{"name":"cube","from":[5.6710806,14.821771,7.4],"to":[6.8710804,16.02177,8.6],"rotation":{"angle":22.5,"axis":"z","origin":[7.471081,16.02177,7.382]},"faces":{"down":{"uv":[10.5,5.0,9.5,6.0],"rotation":0,"texture":"#3c8a328b-a6cc-c747-f933-f19c2516e333","tintindex":0},"east":{"uv":[2.0,11.5,3.0,12.5],"rotation":0,"texture":"#3c8a328b-a6cc-c747-f933-f19c2516e333","tintindex":0},"north":{"uv":[1.0,11.5,2.0,12.5],"rotation":0,"texture":"#3c8a328b-a6cc-c747-f933-f19c2516e333","tintindex":0},"south":{"uv":[3.0,11.5,4.0,12.5],"rotation":0,"texture":"#3c8a328b-a6cc-c747-f933-f19c2516e333","tintindex":0},"up":{"uv":[10.5,5.0,9.5,4.0],"rotation":0,"texture":"#3c8a328b-a6cc-c747-f933-f19c2516e333","tintindex":0},"west":{"uv":[9.5,3.0,10.5,4.0],"rotation":0,"texture":"#3c8a328b-a6cc-c747-f933-f19c2516e333","tintindex":0}}},{"name":"cube","from":[6.7939997,13.994,7.394],"to":[9.206,16.406,8.606],"rotation":{"angle":45.0,"axis":"z","origin":[8.0,15.2,8.0]},"faces":{"down":{"uv":[9.5,5.0,7.5,6.0],"rotation":0,"texture":"#3c8a328b-a6cc-c747-f933-f19c2516e333","tintindex":0},"east":{"uv":[6.0,7.0,7.0,9.0],"rotation":0,"texture":"#3c8a328b-a6cc-c747-f933-f19c2516e333","tintindex":0},"north":{"uv":[6.0,0.0,8.0,2.0],"rotation":0,"texture":"#3c8a328b-a6cc-c747-f933-f19c2516e333","tintindex":0},"south":{"uv":[6.0,2.0,8.0,4.0],"rotation":0,"texture":"#3c8a328b-a6cc-c747-f933-f19c2516e333","tintindex":0},"up":{"uv":[9.5,5.0,7.5,4.0],"rotation":0,"texture":"#3c8a328b-a6cc-c747-f933-f19c2516e333","tintindex":0},"west":{"uv":[7.0,7.0,8.0,9.0],"rotation":0,"texture":"#3c8a328b-a6cc-c747-f933-f19c2516e333","tintindex":0}}},{"name":"cube","from":[6.7939997,14.834,7.094],"to":[8.0060005,16.046001,8.906],"rotation":{"angle":45.0,"axis":"z","origin":[8.0,16.04,7.7]},"faces":{"down":{"uv":[10.0,1.5,9.0,3.0],"rotation":0,"texture":"#3c8a328b-a6cc-c747-f933-f19c2516e333","tintindex":0},"east":{"uv":[8.0,7.0,9.5,8.0],"rotation":0,"texture":"#3c8a328b-a6cc-c747-f933-f19c2516e333","tintindex":0},"north":{"uv":[9.5,7.0,10.5,8.0],"rotation":0,"texture":"#3c8a328b-a6cc-c747-f933-f19c2516e333","tintindex":0},"south":{"uv":[9.5,8.0,10.5,9.0],"rotation":0,"texture":"#3c8a328b-a6cc-c747-f933-f19c2516e333","tintindex":0},"up":{"uv":[10.0,1.5,9.0,0.0],"rotation":0,"texture":"#3c8a328b-a6cc-c747-f933-f19c2516e333","tintindex":0},"west":{"uv":[8.0,8.0,9.5,9.0],"rotation":0,"texture":"#3c8a328b-a6cc-c747-f933-f19c2516e333","tintindex":0}}}],"display":{"head":{"translation":[0.0,-6.4,0.0],"rotation":[0.0,0.0,0.0],"scale":[3.8095,3.8095,3.8095]},"gui":{"translation":[0.0,0.0,0.0],"rotation":[35.0,225.0,0.0],"scale":[0.625,0.625,0.625]}}}