{"file_name":"pommel","texture_size":[32,32],"textures":{"3c8a328b-a6cc-c747-f933-f19c2516e333":"modelengine:entity/crystal_sword"},"elements":[{"name":"cube","from":[7.1,20.600002,7.4],"to":[8.9,22.400002,8.6],"rotation":{"angle":0.0,"axis":"x","origin":[8.0,21.5,8.0]},"faces":{"down":{"uv":[9.5,3.0,8.0,4.0],"rotation":0,"texture":"#3c8a328b-a6cc-c747-f933-f19c2516e333","tintindex":0},"east":{"uv":[8.0,0.0,9.0,1.5],"rotation":0,"texture":"#3c8a328b-a6cc-c747-f933-f19c2516e333","tintindex":0},"north":{"uv":[6.0,4.0,7.5,5.5],"rotation":0,"texture":"#3c8a328b-a6cc-c747-f933-f19c2516e333","tintindex":0},"south":{"uv":[6.0,5.5,7.5,7.0],"rotation":0,"texture":"#3c8a328b-a6cc-c747-f933-f19c2516e333","tintindex":0},"up":{"uv":[9.0,7.0,7.5,6.0],"rotation":0,"texture":"#3c8a328b-a6cc-c747-f933-f19c2516e333","tintindex":0},"west":{"uv":[8.0,1.5,9.0,3.0],"rotation":0,"texture":"#3c8a328b-a6cc-c747-f933-f19c2516e333","tintindex":0}}}],"display":{"head":{"translation":[0.0,-6.4,0.0],"rotation":[0.0,0.0,0.0],"scale":[3.8095,3.8095,3.8095]},"gui":{"translation":[0.0,0.0,0.0],"rotation":[35.0,225.0,0.0],"scale":[0.625,0.625,0.625]}}}