{"file_name":"blade","texture_size":[32,32],"textures":{"f17974c7-7de2-3d63-5e7b-81b75f48abb2":"modelengine:entity/dragon_sword"},"elements":[{"name":"cube","from":[6.5,3.1999998,7.7],"to":[9.5,14.6,8.3],"rotation":{"angle":0.0,"axis":"x","origin":[3.1999998,5.0,3.1999998]},"faces":{"down":{"uv":[13.5,1.5,11.0,2.0],"rotation":0,"texture":"#f17974c7-7de2-3d63-5e7b-81b75f48abb2","tintindex":0},"east":{"uv":[3.0,0.0,3.5,9.5],"rotation":0,"texture":"#f17974c7-7de2-3d63-5e7b-81b75f48abb2","tintindex":0},"north":{"uv":[3.5,0.0,6.0,9.5],"rotation":0,"texture":"#f17974c7-7de2-3d63-5e7b-81b75f48abb2","tintindex":0},"south":{"uv":[0.5,0.0,3.0,9.5],"rotation":0,"texture":"#f17974c7-7de2-3d63-5e7b-81b75f48abb2","tintindex":0},"up":{"uv":[13.5,1.5,11.0,1.0],"rotation":0,"texture":"#f17974c7-7de2-3d63-5e7b-81b75f48abb2","tintindex":0},"west":{"uv":[0.0,0.0,0.5,9.5],"rotation":0,"texture":"#f17974c7-7de2-3d63-5e7b-81b75f48abb2","tintindex":0}}},{"name":"cube","from":[7.994,0.49399948,7.694],"to":[10.127001,2.6269999,8.306],"rotation":{"angle":45.0,"axis":"z","origin":[8.0,0.49999976,7.7]},"faces":{"down":{"uv":[13.0,8.5,11.0,9.0],"rotation":0,"texture":"#f17974c7-7de2-3d63-5e7b-81b75f48abb2","tintindex":0},"east":{"uv":[5.5,10.0,6.0,12.0],"rotation":0,"texture":"#f17974c7-7de2-3d63-5e7b-81b75f48abb2","tintindex":0},"north":{"uv":[4.5,11.5,6.5,13.5],"rotation":0,"texture":"#f17974c7-7de2-3d63-5e7b-81b75f48abb2","tintindex":0},"south":{"uv":[0.0,11.5,2.0,13.5],"rotation":0,"texture":"#f17974c7-7de2-3d63-5e7b-81b75f48abb2","tintindex":0},"up":{"uv":[13.0,8.5,11.0,8.0],"rotation":0,"texture":"#f17974c7-7de2-3d63-5e7b-81b75f48abb2","tintindex":0},"west":{"uv":[0.0,11.5,0.5,13.5],"rotation":0,"texture":"#f17974c7-7de2-3d63-5e7b-81b75f48abb2","tintindex":0}}},{"name":"cube","from":[9.429859,1.8998319,7.694],"to":[11.5628605,4.032832,8.306],"rotation":{"angle":45.0,"axis":"z","origin":[9.405832,1.905832,7.7]},"faces":{"down":{"uv":[4.5,11.0,2.5,11.5],"rotation":0,"texture":"#f17974c7-7de2-3d63-5e7b-81b75f48abb2","tintindex":0},"east":{"uv":[3.0,9.5,3.5,11.5],"rotation":0,"texture":"#f17974c7-7de2-3d63-5e7b-81b75f48abb2","tintindex":0},"north":{"uv":[3.0,9.5,5.0,11.5],"rotation":0,"texture":"#f17974c7-7de2-3d63-5e7b-81b75f48abb2","tintindex":0},"south":{"uv":[2.0,9.5,4.0,11.5],"rotation":0,"texture":"#f17974c7-7de2-3d63-5e7b-81b75f48abb2","tintindex":0},"up":{"uv":[13.0,9.5,11.0,9.0],"rotation":0,"texture":"#f17974c7-7de2-3d63-5e7b-81b75f48abb2","tintindex":0},"west":{"uv":[11.0,11.0,11.5,13.0],"rotation":0,"texture":"#f17974c7-7de2-3d63-5e7b-81b75f48abb2","tintindex":0}}},{"name":"cube","from":[4.4371395,1.8998319,7.694],"to":[6.57014,4.032832,8.306],"rotation":{"angle":-45.0,"axis":"z","origin":[6.5941677,1.905832,7.7]},"faces":{"down":{"uv":[2.0,11.0,0.0,11.5],"rotation":0,"texture":"#f17974c7-7de2-3d63-5e7b-81b75f48abb2","tintindex":0},"east":{"uv":[4.0,11.5,4.5,13.5],"rotation":0,"texture":"#f17974c7-7de2-3d63-5e7b-81b75f48abb2","tintindex":0},"north":{"uv":[5.0,9.5,7.0,11.5],"rotation":0,"texture":"#f17974c7-7de2-3d63-5e7b-81b75f48abb2","tintindex":0},"south":{"uv":[0.0,9.5,2.0,11.5],"rotation":0,"texture":"#f17974c7-7de2-3d63-5e7b-81b75f48abb2","tintindex":0},"up":{"uv":[13.5,6.5,11.5,6.0],"rotation":0,"texture":"#f17974c7-7de2-3d63-5e7b-81b75f48abb2","tintindex":0},"west":{"uv":[0.0,9.5,0.5,11.5],"rotation":0,"texture":"#f17974c7-7de2-3d63-5e7b-81b75f48abb2","tintindex":0}}},{"name":"cube","from":[6.4939995,13.994,7.694],"to":[7.427,14.927,8.306],"rotation":{"angle":45.0,"axis":"z","origin":[6.5,14.0,7.7]},"faces":{"down":{"uv":[3.0,13.5,2.0,14.0],"rotation":0,"texture":"#f17974c7-7de2-3d63-5e7b-81b75f48abb2","tintindex":0},"east":{"uv":[8.0,14.0,8.5,15.0],"rotation":0,"texture":"#f17974c7-7de2-3d63-5e7b-81b75f48abb2","tintindex":0},"north":{"uv":[11.5,7.0,12.5,8.0],"rotation":0,"texture":"#f17974c7-7de2-3d63-5e7b-81b75f48abb2","tintindex":0},"south":{"uv":[9.0,11.5,10.0,12.5],"rotation":0,"texture":"#f17974c7-7de2-3d63-5e7b-81b75f48abb2","tintindex":0},"up":{"uv":[2.0,14.0,1.0,13.5],"rotation":0,"texture":"#f17974c7-7de2-3d63-5e7b-81b75f48abb2","tintindex":0},"west":{"uv":[10.0,11.5,10.5,12.5],"rotation":0,"texture":"#f17974c7-7de2-3d63-5e7b-81b75f48abb2","tintindex":0}}},{"name":"cube","from":[9.4939995,13.994,7.694],"to":[10.427,14.927,8.306],"rotation":{"angle":45.0,"axis":"z","origin":[9.5,14.0,7.7]},"faces":{"down":{"uv":[13.0,3.5,12.0,4.0],"rotation":0,"texture":"#f17974c7-7de2-3d63-5e7b-81b75f48abb2","tintindex":0},"east":{"uv":[12.0,2.0,12.5,3.0],"rotation":0,"texture":"#f17974c7-7de2-3d63-5e7b-81b75f48abb2","tintindex":0},"north":{"uv":[11.5,11.0,12.5,12.0],"rotation":0,"texture":"#f17974c7-7de2-3d63-5e7b-81b75f48abb2","tintindex":0},"south":{"uv":[0.0,13.5,1.0,14.5],"rotation":0,"texture":"#f17974c7-7de2-3d63-5e7b-81b75f48abb2","tintindex":0},"up":{"uv":[13.0,3.5,12.0,3.0],"rotation":0,"texture":"#f17974c7-7de2-3d63-5e7b-81b75f48abb2","tintindex":0},"west":{"uv":[3.0,13.5,3.5,14.5],"rotation":0,"texture":"#f17974c7-7de2-3d63-5e7b-81b75f48abb2","tintindex":0}}}],"display":{"head":{"translation":[0.0,-6.4,0.0],"rotation":[0.0,0.0,0.0],"scale":[3.8095,3.8095,3.8095]},"gui":{"translation":[0.0,0.0,0.0],"rotation":[35.0,225.0,0.0],"scale":[0.625,0.625,0.625]}}}