{"file_name":"blade","texture_size":[32,32],"textures":{"da59bc6f-0f02-70a9-bddc-ad336225d059":"modelengine:entity/spike_sword"},"elements":[{"name":"cube","from":[7.1,2.8999999,7.7],"to":[8.9,14.900001,8.3],"rotation":{"angle":0.0,"axis":"x","origin":[7.1,2.8999999,7.7]},"faces":{"down":{"uv":[1.5,11.5,0.0,12.0],"rotation":0,"texture":"#da59bc6f-0f02-70a9-bddc-ad336225d059","tintindex":0},"east":{"uv":[2.0,0.0,2.5,10.0],"rotation":0,"texture":"#da59bc6f-0f02-70a9-bddc-ad336225d059","tintindex":0},"north":{"uv":[2.5,0.0,4.0,10.0],"rotation":0,"texture":"#da59bc6f-0f02-70a9-bddc-ad336225d059","tintindex":0},"south":{"uv":[0.5,0.0,2.0,10.0],"rotation":0,"texture":"#da59bc6f-0f02-70a9-bddc-ad336225d059","tintindex":0},"up":{"uv":[12.5,11.5,11.0,11.0],"rotation":0,"texture":"#da59bc6f-0f02-70a9-bddc-ad336225d059","tintindex":0},"west":{"uv":[0.0,0.0,0.5,10.0],"rotation":0,"texture":"#da59bc6f-0f02-70a9-bddc-ad336225d059","tintindex":0}}}],"display":{"head":{"translation":[0.0,-6.4,0.0],"rotation":[0.0,0.0,0.0],"scale":[3.8095,3.8095,3.8095]},"gui":{"translation":[0.0,0.0,0.0],"rotation":[35.0,225.0,0.0],"scale":[0.625,0.625,0.625]}}}