{"file_name":"rain-guard","texture_size":[32,32],"textures":{"da59bc6f-0f02-70a9-bddc-ad336225d059":"modelengine:entity/spike_sword"},"elements":[{"name":"rain-guard","from":[6.8059998,14.306001,7.406],"to":[9.194,16.694,8.594],"rotation":{"angle":45.0,"axis":"z","origin":[8.0,15.5,7.4]},"faces":{"down":{"uv":[12.0,3.5,10.0,4.5],"rotation":0,"texture":"#da59bc6f-0f02-70a9-bddc-ad336225d059","tintindex":0},"east":{"uv":[1.5,12.0,2.5,14.0],"rotation":0,"texture":"#da59bc6f-0f02-70a9-bddc-ad336225d059","tintindex":0},"north":{"uv":[6.0,0.0,8.0,2.0],"rotation":0,"texture":"#da59bc6f-0f02-70a9-bddc-ad336225d059","tintindex":0},"south":{"uv":[6.0,2.0,8.0,4.0],"rotation":0,"texture":"#da59bc6f-0f02-70a9-bddc-ad336225d059","tintindex":0},"up":{"uv":[4.5,13.0,2.5,12.0],"rotation":0,"texture":"#da59bc6f-0f02-70a9-bddc-ad336225d059","tintindex":0},"west":{"uv":[10.0,1.5,11.0,3.5],"rotation":0,"texture":"#da59bc6f-0f02-70a9-bddc-ad336225d059","tintindex":0}}}],"display":{"head":{"translation":[0.0,-6.4,0.0],"rotation":[0.0,0.0,0.0],"scale":[3.8095,3.8095,3.8095]},"gui":{"translation":[0.0,0.0,0.0],"rotation":[35.0,225.0,0.0],"scale":[0.625,0.625,0.625]}}}