{"file_name":"right-cg-2","texture_size":[32,32],"textures":{"da59bc6f-0f02-70a9-bddc-ad336225d059":"modelengine:entity/spike_sword"},"elements":[{"name":"cube","from":[10.608656,15.959222,7.7],"to":[11.808657,16.559223,8.3],"rotation":{"angle":-45.0,"axis":"z","origin":[9.5,16.1,7.4]},"faces":{"down":{"uv":[1.0,14.0,0.0,14.5],"rotation":0,"texture":"#da59bc6f-0f02-70a9-bddc-ad336225d059","tintindex":0},"east":{"uv":[8.5,11.5,9.0,12.0],"rotation":0,"texture":"#da59bc6f-0f02-70a9-bddc-ad336225d059","tintindex":0},"north":{"uv":[11.5,9.5,12.5,10.0],"rotation":0,"texture":"#da59bc6f-0f02-70a9-bddc-ad336225d059","tintindex":0},"south":{"uv":[11.5,10.0,12.5,10.5],"rotation":0,"texture":"#da59bc6f-0f02-70a9-bddc-ad336225d059","tintindex":0},"up":{"uv":[12.0,12.0,11.0,11.5],"rotation":0,"texture":"#da59bc6f-0f02-70a9-bddc-ad336225d059","tintindex":0},"west":{"uv":[1.0,14.0,1.5,14.5],"rotation":0,"texture":"#da59bc6f-0f02-70a9-bddc-ad336225d059","tintindex":0}}}],"display":{"head":{"translation":[0.0,-6.4,0.0],"rotation":[0.0,0.0,0.0],"scale":[3.8095,3.8095,3.8095]},"gui":{"translation":[0.0,0.0,0.0],"rotation":[35.0,225.0,0.0],"scale":[0.625,0.625,0.625]}}}