{"file_name":"right-cg-1","texture_size":[32,32],"textures":{"da59bc6f-0f02-70a9-bddc-ad336225d059":"modelengine:entity/spike_sword"},"elements":[{"name":"cube","from":[9.503,15.503001,7.403],"to":[10.6970005,16.097,8.597],"rotation":{"angle":-22.5,"axis":"z","origin":[9.5,16.1,7.4]},"faces":{"down":{"uv":[11.5,9.5,10.5,10.5],"rotation":0,"texture":"#da59bc6f-0f02-70a9-bddc-ad336225d059","tintindex":0},"east":{"uv":[11.5,8.5,12.5,9.0],"rotation":0,"texture":"#da59bc6f-0f02-70a9-bddc-ad336225d059","tintindex":0},"north":{"uv":[11.5,8.0,12.5,8.5],"rotation":0,"texture":"#da59bc6f-0f02-70a9-bddc-ad336225d059","tintindex":0},"south":{"uv":[11.5,9.0,12.5,9.5],"rotation":0,"texture":"#da59bc6f-0f02-70a9-bddc-ad336225d059","tintindex":0},"up":{"uv":[11.5,9.5,10.5,8.5],"rotation":0,"texture":"#da59bc6f-0f02-70a9-bddc-ad336225d059","tintindex":0},"west":{"uv":[9.5,11.5,10.5,12.0],"rotation":0,"texture":"#da59bc6f-0f02-70a9-bddc-ad336225d059","tintindex":0}}}],"display":{"head":{"translation":[0.0,-6.4,0.0],"rotation":[0.0,0.0,0.0],"scale":[3.8095,3.8095,3.8095]},"gui":{"translation":[0.0,0.0,0.0],"rotation":[35.0,225.0,0.0],"scale":[0.625,0.625,0.625]}}}