{"file_name":"spike_2","texture_size":[32,32],"textures":{"da59bc6f-0f02-70a9-bddc-ad336225d059":"modelengine:entity/spike_sword"},"elements":[{"name":"cube","from":[6.803,7.703,7.703],"to":[9.1970005,10.097,8.297],"rotation":{"angle":-45.0,"axis":"z","origin":[8.0,8.9,7.7]},"faces":{"down":{"uv":[11.0,5.0,13.0,5.5],"rotation":0,"texture":"#da59bc6f-0f02-70a9-bddc-ad336225d059","tintindex":0},"east":{"uv":[4.5,13.0,4.0,15.0],"rotation":0,"texture":"#da59bc6f-0f02-70a9-bddc-ad336225d059","tintindex":0},"north":{"uv":[6.0,8.0,4.0,10.0],"rotation":0,"texture":"#da59bc6f-0f02-70a9-bddc-ad336225d059","tintindex":0},"south":{"uv":[10.0,4.0,8.0,6.0],"rotation":0,"texture":"#da59bc6f-0f02-70a9-bddc-ad336225d059","tintindex":0},"up":{"uv":[11.0,5.0,13.0,4.5],"rotation":0,"texture":"#da59bc6f-0f02-70a9-bddc-ad336225d059","tintindex":0},"west":{"uv":[4.0,13.0,3.5,15.0],"rotation":0,"texture":"#da59bc6f-0f02-70a9-bddc-ad336225d059","tintindex":0}}}],"display":{"head":{"translation":[0.0,-6.4,0.0],"rotation":[0.0,0.0,0.0],"scale":[3.8095,3.8095,3.8095]},"gui":{"translation":[0.0,0.0,0.0],"rotation":[35.0,225.0,0.0],"scale":[0.625,0.625,0.625]}}}