{"file_name":"grip","texture_size":[32,32],"textures":{"fab227b7-ad4f-84fe-8653-a30708cbcc85":"modelengine:entity/moonstone_sword"},"elements":[{"name":"cube","from":[7.406,15.806001,7.406],"to":[8.594,21.194,8.594],"rotation":{"angle":0.0,"axis":"x","origin":[8.0,1.0999997,7.7]},"faces":{"down":{"uv":[5.0,13.0,4.0,14.0],"rotation":0,"texture":"#fab227b7-ad4f-84fe-8653-a30708cbcc85","tintindex":0},"east":{"uv":[12.0,4.5,13.0,9.0],"rotation":0,"texture":"#fab227b7-ad4f-84fe-8653-a30708cbcc85","tintindex":0},"north":{"uv":[12.0,0.0,13.0,4.5],"rotation":0,"texture":"#fab227b7-ad4f-84fe-8653-a30708cbcc85","tintindex":0},"south":{"uv":[13.0,0.0,14.0,4.5],"rotation":0,"texture":"#fab227b7-ad4f-84fe-8653-a30708cbcc85","tintindex":0},"up":{"uv":[1.0,14.0,0.0,13.0],"rotation":0,"texture":"#fab227b7-ad4f-84fe-8653-a30708cbcc85","tintindex":0},"west":{"uv":[13.0,4.5,14.0,9.0],"rotation":0,"texture":"#fab227b7-ad4f-84fe-8653-a30708cbcc85","tintindex":0}}}],"display":{"head":{"translation":[0.0,-6.4,0.0],"rotation":[0.0,0.0,0.0],"scale":[3.8095,3.8095,3.8095]},"gui":{"translation":[0.0,0.0,0.0],"rotation":[35.0,225.0,0.0],"scale":[0.625,0.625,0.625]}}}