{"file_name":"grip","texture_size":[32,32],"textures":{"8b05fa0c-a28a-5678-147a-c400006370d6":"modelengine:entity/butcher_sword"},"elements":[{"name":"cube","from":[7.406,15.806001,7.406],"to":[8.594,21.793999,8.594],"rotation":{"angle":0.0,"axis":"x","origin":[8.0,1.0999997,7.7]},"faces":{"down":{"uv":[9.5,6.5,8.5,7.5],"rotation":0,"texture":"#8b05fa0c-a28a-5678-147a-c400006370d6","tintindex":0},"east":{"uv":[7.0,5.0,8.0,10.0],"rotation":0,"texture":"#8b05fa0c-a28a-5678-147a-c400006370d6","tintindex":0},"north":{"uv":[6.0,0.0,7.0,5.0],"rotation":0,"texture":"#8b05fa0c-a28a-5678-147a-c400006370d6","tintindex":0},"south":{"uv":[6.0,5.0,7.0,10.0],"rotation":0,"texture":"#8b05fa0c-a28a-5678-147a-c400006370d6","tintindex":0},"up":{"uv":[9.5,6.0,8.5,5.0],"rotation":0,"texture":"#8b05fa0c-a28a-5678-147a-c400006370d6","tintindex":0},"west":{"uv":[7.0,0.0,8.0,5.0],"rotation":0,"texture":"#8b05fa0c-a28a-5678-147a-c400006370d6","tintindex":0}}}],"display":{"head":{"translation":[0.0,-6.4,0.0],"rotation":[0.0,0.0,0.0],"scale":[3.8095,3.8095,3.8095]},"gui":{"translation":[0.0,0.0,0.0],"rotation":[35.0,225.0,0.0],"scale":[0.625,0.625,0.625]}}}