{"file_name":"blade","texture_size":[32,32],"textures":{"303ec003-00f6-78a1-026f-5859d8baeb57":"modelengine:entity/reaver_sword"},"elements":[{"name":"cube","from":[6.5,2.6,7.7],"to":[9.5,14.6,8.3],"rotation":{"angle":0.0,"axis":"x","origin":[3.1999998,5.0,3.1999998]},"faces":{"down":{"uv":[14.5,5.5,12.0,6.0],"rotation":0,"texture":"#303ec003-00f6-78a1-026f-5859d8baeb57","tintindex":0},"east":{"uv":[3.0,0.0,3.5,10.0],"rotation":0,"texture":"#303ec003-00f6-78a1-026f-5859d8baeb57","tintindex":0},"north":{"uv":[3.5,0.0,6.0,10.0],"rotation":0,"texture":"#303ec003-00f6-78a1-026f-5859d8baeb57","tintindex":0},"south":{"uv":[0.5,0.0,3.0,10.0],"rotation":0,"texture":"#303ec003-00f6-78a1-026f-5859d8baeb57","tintindex":0},"up":{"uv":[14.5,5.5,12.0,5.0],"rotation":0,"texture":"#303ec003-00f6-78a1-026f-5859d8baeb57","tintindex":0},"west":{"uv":[0.0,0.0,0.5,10.0],"rotation":0,"texture":"#303ec003-00f6-78a1-026f-5859d8baeb57","tintindex":0}}},{"name":"cube","from":[7.994,0.49399948,7.694],"to":[10.127001,2.6269999,8.306],"rotation":{"angle":45.0,"axis":"z","origin":[8.0,0.49999976,7.7]},"faces":{"down":{"uv":[14.0,7.5,12.0,8.0],"rotation":0,"texture":"#303ec003-00f6-78a1-026f-5859d8baeb57","tintindex":0},"east":{"uv":[4.5,12.0,5.0,14.0],"rotation":0,"texture":"#303ec003-00f6-78a1-026f-5859d8baeb57","tintindex":0},"north":{"uv":[4.5,12.0,6.5,14.0],"rotation":0,"texture":"#303ec003-00f6-78a1-026f-5859d8baeb57","tintindex":0},"south":{"uv":[0.0,12.0,2.0,14.0],"rotation":0,"texture":"#303ec003-00f6-78a1-026f-5859d8baeb57","tintindex":0},"up":{"uv":[14.0,7.5,12.0,7.0],"rotation":0,"texture":"#303ec003-00f6-78a1-026f-5859d8baeb57","tintindex":0},"west":{"uv":[0.0,12.0,0.5,14.0],"rotation":0,"texture":"#303ec003-00f6-78a1-026f-5859d8baeb57","tintindex":0}}},{"name":"cube","from":[9.429859,1.8998319,7.694],"to":[11.5628605,4.032832,8.306],"rotation":{"angle":45.0,"axis":"z","origin":[9.405832,1.905832,7.7]},"faces":{"down":{"uv":[5.0,10.5,3.0,11.0],"rotation":0,"texture":"#303ec003-00f6-78a1-026f-5859d8baeb57","tintindex":0},"east":{"uv":[3.0,8.5,3.5,10.5],"rotation":0,"texture":"#303ec003-00f6-78a1-026f-5859d8baeb57","tintindex":0},"north":{"uv":[3.0,10.0,5.0,12.0],"rotation":0,"texture":"#303ec003-00f6-78a1-026f-5859d8baeb57","tintindex":0},"south":{"uv":[2.0,10.0,4.0,12.0],"rotation":0,"texture":"#303ec003-00f6-78a1-026f-5859d8baeb57","tintindex":0},"up":{"uv":[11.5,12.5,9.5,12.0],"rotation":0,"texture":"#303ec003-00f6-78a1-026f-5859d8baeb57","tintindex":0},"west":{"uv":[9.0,12.0,9.5,14.0],"rotation":0,"texture":"#303ec003-00f6-78a1-026f-5859d8baeb57","tintindex":0}}},{"name":"cube","from":[4.4371395,1.8998319,7.694],"to":[6.57014,4.032832,8.306],"rotation":{"angle":-45.0,"axis":"z","origin":[6.5941677,1.905832,7.7]},"faces":{"down":{"uv":[2.0,11.5,0.0,12.0],"rotation":0,"texture":"#303ec003-00f6-78a1-026f-5859d8baeb57","tintindex":0},"east":{"uv":[11.5,12.0,12.0,14.0],"rotation":0,"texture":"#303ec003-00f6-78a1-026f-5859d8baeb57","tintindex":0},"north":{"uv":[5.0,10.0,7.0,12.0],"rotation":0,"texture":"#303ec003-00f6-78a1-026f-5859d8baeb57","tintindex":0},"south":{"uv":[0.0,10.0,2.0,12.0],"rotation":0,"texture":"#303ec003-00f6-78a1-026f-5859d8baeb57","tintindex":0},"up":{"uv":[14.5,9.5,12.5,9.0],"rotation":0,"texture":"#303ec003-00f6-78a1-026f-5859d8baeb57","tintindex":0},"west":{"uv":[0.0,10.0,0.5,12.0],"rotation":0,"texture":"#303ec003-00f6-78a1-026f-5859d8baeb57","tintindex":0}}},{"name":"cube","from":[4.4371395,9.789833,7.694],"to":[6.57014,11.9228325,8.306],"rotation":{"angle":-45.0,"axis":"z","origin":[6.5941677,9.795833,7.7]},"faces":{"down":{"uv":[4.0,8.5,2.0,9.0],"rotation":0,"texture":"#303ec003-00f6-78a1-026f-5859d8baeb57","tintindex":0},"east":{"uv":[12.5,11.5,13.0,13.5],"rotation":0,"texture":"#303ec003-00f6-78a1-026f-5859d8baeb57","tintindex":0},"north":{"uv":[10.0,0.0,12.0,2.0],"rotation":0,"texture":"#303ec003-00f6-78a1-026f-5859d8baeb57","tintindex":0},"south":{"uv":[10.0,4.0,12.0,6.0],"rotation":0,"texture":"#303ec003-00f6-78a1-026f-5859d8baeb57","tintindex":0},"up":{"uv":[14.5,10.0,12.5,9.5],"rotation":0,"texture":"#303ec003-00f6-78a1-026f-5859d8baeb57","tintindex":0},"west":{"uv":[0.0,1.5,0.5,3.5],"rotation":0,"texture":"#303ec003-00f6-78a1-026f-5859d8baeb57","tintindex":0}}},{"name":"cube","from":[9.429859,9.789833,7.694],"to":[11.5628605,11.9228325,8.306],"rotation":{"angle":45.0,"axis":"z","origin":[9.405832,9.795833,7.7]},"faces":{"down":{"uv":[4.5,2.5,2.5,3.0],"rotation":0,"texture":"#303ec003-00f6-78a1-026f-5859d8baeb57","tintindex":0},"east":{"uv":[3.0,1.5,3.5,3.5],"rotation":0,"texture":"#303ec003-00f6-78a1-026f-5859d8baeb57","tintindex":0},"north":{"uv":[10.0,6.0,12.0,8.0],"rotation":0,"texture":"#303ec003-00f6-78a1-026f-5859d8baeb57","tintindex":0},"south":{"uv":[8.0,10.0,10.0,12.0],"rotation":0,"texture":"#303ec003-00f6-78a1-026f-5859d8baeb57","tintindex":0},"up":{"uv":[14.5,11.0,12.5,10.5],"rotation":0,"texture":"#303ec003-00f6-78a1-026f-5859d8baeb57","tintindex":0},"west":{"uv":[1.5,13.0,2.0,15.0],"rotation":0,"texture":"#303ec003-00f6-78a1-026f-5859d8baeb57","tintindex":0}}}],"display":{"head":{"translation":[0.0,-6.4,0.0],"rotation":[0.0,0.0,0.0],"scale":[3.8095,3.8095,3.8095]},"gui":{"translation":[0.0,0.0,0.0],"rotation":[35.0,225.0,0.0],"scale":[0.625,0.625,0.625]}}}